{
	"skeleton": {
		"hash": "DR3FqBrtb6rYsc1Mxjm8u1TmkT4",
		"spine": "3.8.96",
		"x": -211.75,
		"y": -451.82,
		"width": 415.69,
		"height": 811.76
	},
	"bones": [
		{
			"name": "root"
		},
		{
			"name": "bone",
			"parent": "root",
			"x": 15.63,
			"y": -415.75,
			"scaleX": 1.0367,
			"scaleY": 1.0367
		},
		{
			"name": "st",
			"parent": "bone",
			"length": 316.7,
			"rotation": 88.41,
			"x": 0.48,
			"y": -17.9
		},
		{
			"name": "shangbansheng",
			"parent": "st",
			"length": 209.47,
			"rotation": 0.84,
			"x": 318.52,
			"y": 4.02
		},
		{
			"name": "tou",
			"parent": "shangbansheng",
			"length": 168.81,
			"rotation": 0.99,
			"x": 209.47
		},
		{
			"name": "shangbansheng9",
			"parent": "shangbansheng",
			"rotation": -1.2,
			"x": 93.47,
			"y": -16.3
		},
		{
			"name": "hdj",
			"parent": "shangbansheng9",
			"rotation": 1.2,
			"x": 41.82,
			"y": 9.06
		},
		{
			"name": "bone6",
			"parent": "hdj",
			"length": 59.63,
			"rotation": -84.34,
			"x": -0.86,
			"y": -12.51
		},
		{
			"name": "bone7",
			"parent": "hdj",
			"length": 61.75,
			"rotation": 88.62,
			"x": -0.98,
			"y": 16.31
		},
		{
			"name": "bone8",
			"parent": "hdj",
			"length": 24.76,
			"rotation": 159.57,
			"x": -13.59,
			"y": 5.02
		},
		{
			"name": "bone9",
			"parent": "bone8",
			"length": 24.07,
			"rotation": 0.73,
			"x": 24.76
		},
		{
			"name": "bone10",
			"parent": "bone9",
			"length": 20.63,
			"rotation": 4.85,
			"x": 24.07
		},
		{
			"name": "bone11",
			"parent": "bone10",
			"length": 26.1,
			"rotation": -3.2,
			"x": 20.63
		},
		{
			"name": "bone12",
			"parent": "hdj",
			"length": 20.62,
			"rotation": -165.69,
			"x": -15.21,
			"y": -8.07
		},
		{
			"name": "bone13",
			"parent": "bone12",
			"length": 22.61,
			"rotation": -5.36,
			"x": 20.62
		},
		{
			"name": "bone14",
			"parent": "bone13",
			"length": 26.28,
			"rotation": 0.82,
			"x": 22.61
		},
		{
			"name": "bone15",
			"parent": "bone14",
			"length": 23.49,
			"rotation": -1.13,
			"x": 26.28
		},
		{
			"name": "xianlian",
			"parent": "shangbansheng",
			"length": 67.23,
			"rotation": -179.25,
			"x": 232.37,
			"y": -1.36
		},
		{
			"name": "maozi",
			"parent": "tou",
			"length": 76.3,
			"rotation": 33.34,
			"x": 153.06,
			"y": 9.44
		},
		{
			"name": "shangbansheng2",
			"parent": "shangbansheng",
			"length": 192.69,
			"rotation": 152.08,
			"x": 202.35,
			"y": 110.4
		},
		{
			"name": "shangbansheng3",
			"parent": "shangbansheng2",
			"length": 109.04,
			"rotation": 60.15,
			"x": 192.42,
			"y": 7.62
		},
		{
			"name": "shangbansheng4",
			"parent": "shangbansheng3",
			"length": 77.41,
			"rotation": 81.11,
			"x": 112.48,
			"y": 3.73
		},
		{
			"name": "shangbansheng5",
			"parent": "shangbansheng",
			"length": 201.37,
			"rotation": -169.14,
			"x": 187.54,
			"y": -108.28
		},
		{
			"name": "yanjing",
			"parent": "tou",
			"x": 103.8,
			"y": 1.18
		},
		{
			"name": "zuiba",
			"parent": "tou",
			"x": 54.86,
			"y": 0.85
		},
		{
			"name": "tou2",
			"parent": "tou",
			"length": 34.64,
			"rotation": -165.45,
			"x": 75.56,
			"y": 49.89
		},
		{
			"name": "tou3",
			"parent": "tou",
			"length": 32.04,
			"rotation": 160.56,
			"x": 73.89,
			"y": -45.46
		},
		{
			"name": "toufa",
			"parent": "tou",
			"x": 176.37,
			"y": 0.08
		},
		{
			"name": "toufa1",
			"parent": "toufa",
			"length": 47.89,
			"rotation": -131.74,
			"x": -8.44,
			"y": -59.21
		},
		{
			"name": "toufa2",
			"parent": "toufa",
			"length": 51.31,
			"rotation": -152.87,
			"x": -85.08,
			"y": -57.88
		},
		{
			"name": "toufa3",
			"parent": "toufa",
			"length": 56.4,
			"rotation": -170.89,
			"x": -111.17,
			"y": -55.49
		},
		{
			"name": "shangbansheng8",
			"parent": "shangbansheng",
			"length": 63.26,
			"rotation": 142.09,
			"x": 218.52,
			"y": 47.82
		},
		{
			"name": "tou4",
			"parent": "toufa",
			"length": 63.25,
			"rotation": 113.14,
			"x": -34.29,
			"y": 62.82
		},
		{
			"name": "tou5",
			"parent": "toufa",
			"length": 62.43,
			"rotation": 133.55,
			"x": -64.75,
			"y": 75.51
		},
		{
			"name": "tou6",
			"parent": "toufa",
			"length": 44.12,
			"rotation": 154.01,
			"x": -88.76,
			"y": 57.92
		},
		{
			"name": "tou7",
			"parent": "toufa",
			"length": 78.93,
			"rotation": 136.54,
			"x": -133.53,
			"y": 124.86
		},
		{
			"name": "toufa4",
			"parent": "toufa",
			"length": 53.28,
			"rotation": 130.23,
			"x": -72.48,
			"y": 122.3
		},
		{
			"name": "toufa5",
			"parent": "toufa",
			"length": 47.02,
			"rotation": 150.25,
			"x": -131.55,
			"y": 56.36
		},
		{
			"name": "toufa6",
			"parent": "toufa5",
			"length": 37.07,
			"rotation": -9.15,
			"x": 47.02
		},
		{
			"name": "toufa7",
			"parent": "toufa6",
			"length": 27.48,
			"rotation": 9.21,
			"x": 37.07
		},
		{
			"name": "toufa8",
			"parent": "toufa7",
			"length": 35.22,
			"rotation": 19.98,
			"x": 27.48
		},
		{
			"name": "maozi2",
			"parent": "maozi",
			"length": 31.4,
			"rotation": 96.23,
			"x": 75.46,
			"y": 3.44
		},
		{
			"name": "maozi3",
			"parent": "maozi2",
			"length": 22.1,
			"rotation": 11.1,
			"x": 31.4
		},
		{
			"name": "maozi4",
			"parent": "maozi3",
			"length": 24.46,
			"rotation": 14.49,
			"x": 22.1
		},
		{
			"name": "maozi5",
			"parent": "maozi4",
			"length": 16.69,
			"rotation": -5.26,
			"x": 24.46
		},
		{
			"name": "maozi6",
			"parent": "maozi5",
			"length": 28.77,
			"rotation": 4.49,
			"x": 16.69
		},
		{
			"name": "tou8",
			"parent": "tou",
			"length": 93.77,
			"rotation": -174.47,
			"x": 93.88,
			"y": -64.96
		},
		{
			"name": "shangbansheng6",
			"parent": "shangbansheng5",
			"length": 147.43,
			"rotation": -11.72,
			"x": 207.74,
			"y": -1.88
		},
		{
			"name": "shangbansheng7",
			"parent": "shangbansheng6",
			"length": 64.15,
			"rotation": -3.3,
			"x": 147.43
		}
	],
	"slots": [
		{
			"name": "heguan_sd_gebo3",
			"bone": "shangbansheng6",
			"attachment": "heguan_sd_gebo3"
		},
		{
			"name": "heguan_shoubi2",
			"bone": "shangbansheng5",
			"attachment": "heguan_sd_shoubi2"
		},
		{
			"name": "heguan_sd_shenti",
			"bone": "st",
			"attachment": "heguan_sd_shenti"
		},
		{
			"name": "heguan_xb_xiongqiang",
			"bone": "shangbansheng",
			"attachment": "heguan_sd_xiongqiang2"
		},
		{
			"name": "heguan_sd_shoubi1",
			"bone": "shangbansheng2",
			"attachment": "heguan_sd_shoubi1"
		},
		{
			"name": "heguan_tf_3",
			"bone": "toufa1",
			"attachment": "heguan_tf_3"
		},
		{
			"name": "heguan_sd_hdj2",
			"bone": "hdj",
			"attachment": "heguan_sd_hdj2"
		},
		{
			"name": "heguan_sd_xianglian",
			"bone": "xianlian",
			"attachment": "heguan_sd_xianglian"
		},
		{
			"name": "heguan_tfyin",
			"bone": "shangbansheng8",
			"attachment": "heguan_tfyin"
		},
		{
			"name": "heguan_tou",
			"bone": "tou",
			"attachment": "heguan_tou"
		},
		{
			"name": "heguan_erhuan2",
			"bone": "tou3",
			"attachment": "heguan_erhuan2"
		},
		{
			"name": "heguan_erhuan1",
			"bone": "tou2",
			"attachment": "heguan_erhuan1"
		},
		{
			"name": "heguan_zuiba",
			"bone": "zuiba",
			"attachment": "heguan_sd_zuiba"
		},
		{
			"name": "heguan_yanjing01",
			"bone": "yanjing"
		},
		{
			"name": "heguan_tf_8",
			"bone": "tou4",
			"attachment": "heguan_tf_8"
		},
		{
			"name": "heguan_sd_hdj1",
			"bone": "hdj",
			"attachment": "heguan_sd_hdj2"
		},
		{
			"name": "heguan_tf_7",
			"bone": "toufa4",
			"attachment": "heguan_tf_7"
		},
		{
			"name": "heguan_tf_6",
			"bone": "tou5",
			"attachment": "heguan_tf_6"
		},
		{
			"name": "heguan_tf_5",
			"bone": "tou7",
			"attachment": "heguan_tf_5"
		},
		{
			"name": "heguan_tf_4",
			"bone": "tou6",
			"attachment": "heguan_tf_4"
		},
		{
			"name": "heguan_tf_1",
			"bone": "toufa3",
			"attachment": "heguan_tf_1"
		},
		{
			"name": "heguan_tf_2",
			"bone": "toufa2",
			"attachment": "heguan_tf_2"
		},
		{
			"name": "heguan_sd_mz",
			"bone": "maozi",
			"attachment": "heguan_sd_mz"
		},
		{
			"name": "heguan_sd_shou1",
			"bone": "shangbansheng4",
			"attachment": "heguan_sd_shou1"
		},
		{
			"name": "heguan_sd_mz2",
			"bone": "maozi2",
			"attachment": "heguan_sd_mz2"
		},
		{
			"name": "heguan_sd_gebo4",
			"bone": "shangbansheng7",
			"attachment": "heguan_sd_gebo4"
		}
	],
	"skins": [
		{
			"name": "default",
			"attachments": {
				"heguan_erhuan1": {
					"heguan_erhuan1": {
						"x": 17.52,
						"y": 0.87,
						"rotation": 75.21,
						"width": 31,
						"height": 37
					}
				},
				"heguan_erhuan2": {
					"heguan_erhuan2": {
						"x": 16.9,
						"y": -1.57,
						"rotation": 109.2,
						"width": 21,
						"height": 33
					}
				},
				"heguan_sd_gebo3": {
					"heguan_sd_gebo3": {
						"x": 75.59,
						"y": -10.82,
						"rotation": 88.94,
						"width": 75,
						"height": 278
					}
				},
				"heguan_sd_gebo4": {
					"heguan_sd_gebo4": {
						"x": 23.65,
						"y": -13.83,
						"rotation": 94.47,
						"width": 71,
						"height": 131
					}
				},
				"heguan_sd_hdj1": {
					"heguan_sd_hdj2": {
						"type": "mesh",
						"path": "heguan_sd_hdj1",
						"uvs": [
							0.78789,
							0.00003,
							1,
							0,
							1,
							0.44867,
							1,
							0.94058,
							0.80016,
							0.9577,
							0.59018,
							0.86017,
							0.45571,
							0.84414,
							0.23564,
							1,
							0.00763,
							0.99999,
							0,
							0.79578,
							0,
							0.46815,
							0,
							0.03341,
							0.24434,
							0.03709,
							0.44669,
							0.25584,
							0.57568,
							0.21387,
							0.42566,
							0.47507,
							0.42826,
							0.60707,
							0.60715,
							0.42707,
							0.60715,
							0.61427,
							0.16166,
							0.50387,
							0.85031,
							0.46067,
							0.12009,
							0.89655,
							0.89918,
							0.79084
						],
						"triangles": [
							17,
							14,
							0,
							20,
							0,
							1,
							2,
							20,
							1,
							17,
							0,
							20,
							18,
							17,
							20,
							17,
							13,
							14,
							22,
							20,
							2,
							18,
							6,
							17,
							5,
							6,
							18,
							22,
							2,
							3,
							4,
							18,
							20,
							4,
							20,
							22,
							5,
							18,
							4,
							4,
							22,
							3,
							19,
							10,
							11,
							15,
							12,
							13,
							12,
							19,
							11,
							19,
							12,
							15,
							17,
							16,
							15,
							9,
							10,
							19,
							15,
							13,
							17,
							6,
							16,
							17,
							21,
							9,
							19,
							8,
							9,
							21,
							16,
							7,
							19,
							16,
							19,
							15,
							7,
							16,
							6,
							21,
							19,
							7,
							8,
							21,
							7
						],
						"vertices": [
							1,
							7,
							30.14,
							26.78,
							1,
							1,
							7,
							62.26,
							24.03,
							1,
							1,
							7,
							60.15,
							-0.56,
							1,
							1,
							7,
							57.84,
							-27.51,
							1,
							1,
							7,
							27.49,
							-25.85,
							1,
							2,
							6,
							-18.93,
							-10.43,
							0.23973,
							7,
							-3.85,
							-17.78,
							0.76027,
							2,
							6,
							-18.32,
							10.02,
							0.33864,
							8,
							-6.7,
							17.18,
							0.66136,
							1,
							8,
							26.41,
							26.99,
							1,
							1,
							8,
							61.04,
							28.28,
							1,
							1,
							8,
							62.61,
							17.1,
							1,
							1,
							8,
							63.28,
							-0.91,
							1,
							1,
							8,
							64.17,
							-24.8,
							1,
							1,
							8,
							27.05,
							-25.98,
							1,
							2,
							6,
							14.02,
							11.82,
							0.37007,
							8,
							-4.13,
							-15.1,
							0.62993,
							2,
							6,
							16.59,
							-7.76,
							0.45163,
							7,
							-3.01,
							17.82,
							0.54837,
							2,
							6,
							1.92,
							14.85,
							0.0955,
							8,
							-1.38,
							-2.93,
							0.9045,
							2,
							6,
							-5.33,
							14.36,
							0.11424,
							8,
							-2.05,
							4.31,
							0.88576,
							2,
							6,
							4.92,
							-12.7,
							0.17165,
							7,
							0.76,
							5.73,
							0.82835,
							2,
							6,
							-5.37,
							-12.83,
							0.06556,
							7,
							-0.12,
							-4.53,
							0.93444,
							1,
							8,
							38.66,
							0.14,
							1,
							1,
							7,
							37.43,
							0.73,
							1,
							1,
							8,
							44.17,
							21.96,
							1,
							1,
							7,
							43.27,
							-18,
							1
						],
						"hull": 15
					}
				},
				"heguan_sd_hdj2": {
					"heguan_sd_hdj2": {
						"type": "mesh",
						"uvs": [
							0.22064,
							0,
							0.55714,
							0.12007,
							0.63454,
							0.07635,
							0.82694,
							0.08159,
							0.95553,
							0.13492,
							0.97719,
							0.15441,
							0.96254,
							0.23566,
							0.84025,
							0.36289,
							0.67076,
							0.28435,
							0.70098,
							0.44048,
							0.71567,
							0.51635,
							0.73267,
							0.60414,
							0.7382,
							0.67586,
							0.74559,
							0.77178,
							0.7517,
							0.851,
							0.76068,
							0.96759,
							0.75361,
							1,
							0.68347,
							1,
							0.59974,
							1,
							0.58829,
							0.89379,
							0.58007,
							0.81745,
							0.56889,
							0.70777,
							0.56027,
							0.6231,
							0.55643,
							0.54616,
							0.55313,
							0.47989,
							0.54507,
							0.43351,
							0.5381,
							0.47451,
							0.52388,
							0.54714,
							0.5087699999999999,
							0.62432,
							0.49076,
							0.7169,
							0.47806,
							0.78219,
							0.44732,
							0.8927,
							0.41748,
							1,
							0.32952,
							0.98276,
							0.25204,
							0.96757,
							0.28303,
							0.85379,
							0.31579,
							0.73352,
							0.33464,
							0.6632,
							0.35556,
							0.58518,
							0.3763,
							0.50782,
							0.39782,
							0.42754,
							0.43135,
							0.30247,
							0.38661,
							0.35499000000000005,
							0.2461,
							0.29799,
							0.18461,
							0.2783,
							0.08365,
							0.25069,
							0.1851,
							0,
							0.66347,
							0.79668,
							0.64147,
							0.61124,
							0.62047,
							0.45068,
							0.59347,
							0.28515,
							0.54747,
							0.19181,
							0.54797,
							0.28443,
							0.46473,
							0.4517,
							0.41965,
							0.61033,
							0.38559,
							0.75787,
							0.65416,
							0.69791,
							0.63046,
							0.52813,
							0.4426,
							0.53173,
							0.40214,
							0.6864,
							0.35661,
							0.86874,
							0.51122,
							0.28088
						],
						"triangles": [
							16,
							17,
							15,
							14,
							15,
							17,
							47,
							14,
							17,
							47,
							17,
							19,
							18,
							19,
							17,
							19,
							20,
							47,
							47,
							13,
							14,
							47,
							21,
							56,
							47,
							20,
							21,
							47,
							56,
							13,
							56,
							12,
							13,
							21,
							48,
							56,
							21,
							22,
							48,
							56,
							11,
							12,
							56,
							48,
							11,
							22,
							23,
							48,
							23,
							57,
							48,
							48,
							10,
							11,
							48,
							57,
							10,
							23,
							24,
							57,
							24,
							49,
							57,
							57,
							9,
							10,
							57,
							49,
							9,
							24,
							25,
							49,
							25,
							50,
							49,
							49,
							8,
							9,
							49,
							50,
							8,
							25,
							52,
							50,
							8,
							3,
							7,
							6,
							3,
							4,
							6,
							7,
							3,
							8,
							50,
							51,
							51,
							50,
							52,
							8,
							2,
							3,
							6,
							4,
							5,
							33,
							60,
							32,
							32,
							60,
							31,
							34,
							35,
							33,
							33,
							35,
							60,
							60,
							55,
							31,
							31,
							55,
							30,
							35,
							36,
							60,
							60,
							36,
							55,
							55,
							59,
							30,
							30,
							59,
							29,
							36,
							37,
							55,
							55,
							37,
							59,
							59,
							54,
							29,
							29,
							54,
							28,
							37,
							38,
							59,
							59,
							38,
							54,
							54,
							58,
							28,
							28,
							58,
							27,
							38,
							39,
							54,
							54,
							39,
							58,
							58,
							53,
							27,
							27,
							53,
							26,
							39,
							40,
							58,
							58,
							40,
							53,
							26,
							53,
							25,
							40,
							41,
							53,
							53,
							61,
							25,
							53,
							41,
							61,
							25,
							61,
							52,
							42,
							43,
							41,
							61,
							41,
							51,
							43,
							44,
							0,
							44,
							46,
							0,
							52,
							61,
							51,
							0,
							41,
							43,
							44,
							45,
							46,
							41,
							1,
							51,
							8,
							51,
							2,
							51,
							1,
							2,
							1,
							41,
							0
						],
						"vertices": [
							2,
							6,
							25.5,
							56.7,
							0.42271,
							9,
							-18.6,
							-62.07,
							0.57729,
							3,
							6,
							9.58,
							-1.73,
							0.92407,
							9,
							-24.07,
							-1.76,
							0.00595,
							13,
							-25.59,
							-0.01,
							0.06999,
							2,
							6,
							15.83,
							-15.04,
							0.65348,
							13,
							-28.36,
							14.43,
							0.34652,
							2,
							6,
							15.54,
							-48.33,
							0.42106,
							13,
							-19.85,
							46.62,
							0.57894,
							2,
							6,
							8.42,
							-70.68,
							0.40087,
							13,
							-7.43,
							66.51,
							0.59913,
							2,
							6,
							5.76,
							-74.46,
							0.4004,
							13,
							-3.92,
							69.51,
							0.5996,
							2,
							6,
							-5.56,
							-72.07,
							0.3984,
							13,
							6.47,
							64.41,
							0.6016,
							2,
							6,
							-23.53,
							-51.15,
							0.38193,
							13,
							18.7,
							39.69,
							0.61807,
							2,
							6,
							-13,
							-21.69,
							0.23265,
							13,
							1.22,
							13.75,
							0.76735,
							2,
							13,
							23.54,
							13.74,
							0.34188,
							14,
							1.62,
							13.96,
							0.65812,
							3,
							13,
							34.39,
							13.74,
							0.0184,
							14,
							12.42,
							14.97,
							0.88448,
							15,
							-9.97,
							15.11,
							0.09712,
							2,
							14,
							24.92,
							16.14,
							0.38026,
							15,
							2.54,
							16.1,
							0.61974,
							3,
							14,
							34.92,
							15.66,
							0.05509,
							15,
							12.54,
							15.49,
							0.9311,
							16,
							-14.04,
							15.21,
							0.01381,
							2,
							15,
							25.91,
							14.66,
							0.55327,
							16,
							-0.66,
							14.65,
							0.44673,
							2,
							15,
							36.95,
							13.98,
							0.05331,
							16,
							10.39,
							14.19,
							0.94669,
							1,
							16,
							26.66,
							13.51,
							1,
							1,
							16,
							30.95,
							11.68,
							1,
							1,
							16,
							29.29,
							-0.34,
							1,
							1,
							16,
							27.3,
							-14.69,
							1,
							2,
							15,
							38.4,
							-14.87,
							0.03594,
							16,
							12.41,
							-14.63,
							0.96406,
							2,
							15,
							27.69,
							-14.61,
							0.40632,
							16,
							1.7,
							-14.58,
							0.59368,
							3,
							14,
							35.14,
							-13.96,
							0.02508,
							15,
							12.33,
							-14.14,
							0.96093,
							16,
							-13.66,
							-14.41,
							0.01399,
							2,
							14,
							23.28,
							-13.76,
							0.41972,
							15,
							0.48,
							-13.77,
							0.58028,
							4,
							9,
							31.19,
							19.53,
							0.01374,
							13,
							31.96,
							-14.01,
							0.02536,
							14,
							12.6,
							-12.89,
							0.88094,
							15,
							-10.19,
							-12.75,
							0.07997,
							4,
							9,
							22.81,
							15.67,
							0.11894,
							10,
							-1.75,
							15.69,
							0.00299,
							13,
							22.87,
							-12.41,
							0.25747,
							14,
							3.4,
							-12.14,
							0.62061,
							4,
							9,
							17.31,
							12.04,
							0.45196,
							10,
							-7.31,
							12.13,
							0.06399,
							13,
							16.28,
							-12.25,
							0.37427,
							14,
							-3.18,
							-12.6,
							0.10979,
							4,
							9,
							23.05,
							12.97,
							0.4238,
							10,
							-1.55,
							13,
							0.43398,
							13,
							21.54,
							-14.76,
							0.12629,
							14,
							2.29,
							-14.61,
							0.01593,
							4,
							9,
							33.36,
							14.33,
							0.05436,
							10,
							8.77,
							14.22,
							0.913,
							11,
							-14.04,
							15.46,
							0.01885,
							13,
							30.77,
							-19.52,
							0.01379,
							2,
							10,
							19.74,
							15.52,
							0.68775,
							11,
							-3.01,
							15.83,
							0.31225,
							3,
							10,
							32.88,
							17.1,
							0.11725,
							11,
							10.23,
							16.29,
							0.81794,
							12,
							-11.3,
							15.68,
							0.06482,
							3,
							10,
							42.15,
							18.21,
							0.00626,
							11,
							19.56,
							16.62,
							0.60092,
							12,
							-2,
							16.53,
							0.39281,
							2,
							11,
							35.78,
							15.63,
							0.03604,
							12,
							14.26,
							16.45,
							0.96396,
							1,
							12,
							30.04,
							16.37,
							1,
							1,
							12,
							32.68,
							1.19,
							1,
							1,
							12,
							35,
							-12.18,
							1,
							1,
							12,
							18.3,
							-12.2,
							1,
							2,
							11,
							20.59,
							-12.24,
							0.50584,
							12,
							0.65,
							-12.22,
							0.49416,
							3,
							10,
							35.33,
							-10.82,
							0.01502,
							11,
							10.3,
							-11.73,
							0.94561,
							12,
							-9.65,
							-12.29,
							0.03937,
							2,
							10,
							23.91,
							-11.22,
							0.57585,
							11,
							-1.12,
							-11.16,
							0.42415,
							3,
							9,
							37.49,
							-11.45,
							0.0097,
							10,
							12.58,
							-11.61,
							0.98689,
							11,
							-12.44,
							-10.6,
							0.00341,
							2,
							9,
							25.74,
							-12.01,
							0.4525,
							10,
							0.82,
							-12.02,
							0.5475,
							2,
							6,
							-16.06,
							19.69,
							0.18019,
							9,
							7.43,
							-12.89,
							0.81981,
							2,
							6,
							-23.46,
							27.34,
							0.2749,
							9,
							17.04,
							-17.47,
							0.7251,
							2,
							6,
							-15.86,
							51.75,
							0.37214,
							9,
							18.43,
							-42.99,
							0.62786,
							2,
							6,
							-13.26,
							62.42,
							0.38905,
							9,
							19.73,
							-53.9,
							0.61095,
							2,
							6,
							-9.65,
							79.94,
							0.39653,
							9,
							22.46,
							-71.57,
							0.60347,
							2,
							6,
							25.42,
							62.84,
							0.42022,
							9,
							-16.37,
							-67.8,
							0.57978,
							2,
							15,
							27.1,
							0.09,
							0.3758,
							16,
							0.82,
							0.1,
							0.6242,
							2,
							14,
							23.65,
							0.38,
							0.32975,
							15,
							1.05,
							0.37,
							0.67025,
							2,
							13,
							21.66,
							-0.13,
							0.32689,
							14,
							1.04,
							-0.03,
							0.67311,
							3,
							6,
							-13.28,
							-8.32,
							0.07326,
							9,
							-4.95,
							12.39,
							0.01555,
							13,
							-1.81,
							0.72,
							0.9111900000000001,
							3,
							6,
							-0.41,
							-0.19,
							0.97748,
							9,
							-14.17,
							0.28,
							0.0105,
							13,
							-16.29,
							-3.97,
							0.01203,
							3,
							6,
							-13.29,
							-0.45,
							0.09561,
							9,
							-2.2,
							5.02,
							0.55639,
							13,
							-3.75,
							-6.91,
							0.34801,
							3,
							9,
							24.69,
							-0.01,
							0.51282,
							10,
							-0.08,
							0,
							0.48718,
							14,
							-2.66,
							-26.72,
							0,
							2,
							10,
							23.31,
							0.39,
							0.63137,
							11,
							-0.73,
							0.46,
							0.36863,
							2,
							11,
							20.61,
							0.3,
							0.50474,
							12,
							-0.04,
							0.3,
							0.49526,
							1,
							15,
							13.29,
							0.65,
							1,
							1,
							14,
							11.94,
							0.14,
							1,
							3,
							10,
							11.68,
							0.3,
							0.9999,
							11,
							-12.32,
							1.34,
							0.00005,
							13,
							25.4,
							-32.68,
							0.00004,
							2,
							10,
							34.27,
							1.25,
							0.00049,
							11,
							10.27,
							0.38,
							0.99951,
							1,
							12,
							16.16,
							0.52,
							1,
							2,
							6,
							-12.88,
							5.92,
							0.02983,
							9,
							-0.36,
							-1.09,
							0.97017
						],
						"hull": 47
					}
				},
				"heguan_sd_mz": {
					"heguan_sd_mz": {
						"x": 29.79,
						"y": 13.01,
						"rotation": -123.58,
						"width": 214,
						"height": 135
					}
				},
				"heguan_sd_mz2": {
					"heguan_sd_mz2": {
						"type": "mesh",
						"uvs": [
							0.76802,
							0,
							0.97541,
							0.05116,
							1,
							0.10123,
							1,
							0.13399,
							0.92118,
							0.20475,
							0.81119,
							0.30348,
							0.71196,
							0.39256,
							0.6869,
							0.42804,
							0.64525,
							0.47789,
							0.57472,
							0.56231,
							0.49182,
							0.66153,
							0.44665,
							0.71559,
							0.35529,
							0.76903,
							0.35288,
							0.92591,
							0.22663,
							1,
							0.05488,
							1,
							0,
							0.83926,
							0.05974,
							0.70895,
							0.17632,
							0.65717,
							0.17568,
							0.56328,
							0.17523,
							0.49772,
							0.20188999999999999,
							0.31129,
							0.24656,
							0.24848,
							0.28196,
							0.1987,
							0.41744,
							0.1347,
							0.5593,
							0.06768,
							0.70256,
							0,
							0.34257,
							0.56754,
							0.38268,
							0.45755,
							0.42791,
							0.37843,
							0.50164,
							0.30291,
							0.54858,
							0.23183,
							0.67011,
							0.14025,
							0.78892,
							0.09145,
							0.27899,
							0.68276,
							0.18591,
							0.84699
						],
						"triangles": [
							35,
							18,
							34,
							35,
							34,
							12,
							17,
							18,
							35,
							16,
							17,
							35,
							13,
							35,
							12,
							15,
							16,
							35,
							14,
							35,
							13,
							15,
							35,
							14,
							27,
							19,
							20,
							34,
							18,
							19,
							27,
							34,
							19,
							11,
							34,
							27,
							10,
							11,
							27,
							12,
							34,
							11,
							21,
							22,
							29,
							28,
							21,
							29,
							20,
							21,
							28,
							9,
							29,
							8,
							28,
							29,
							9,
							28,
							27,
							20,
							27,
							28,
							9,
							10,
							27,
							9,
							30,
							24,
							31,
							30,
							23,
							24,
							29,
							23,
							30,
							22,
							23,
							29,
							30,
							31,
							6,
							7,
							30,
							6,
							8,
							30,
							7,
							29,
							30,
							8,
							33,
							0,
							1,
							4,
							1,
							2,
							32,
							25,
							26,
							26,
							0,
							33,
							32,
							26,
							33,
							4,
							33,
							1,
							3,
							4,
							2,
							31,
							24,
							25,
							31,
							25,
							32,
							5,
							33,
							4,
							32,
							33,
							5,
							6,
							32,
							5,
							31,
							32,
							6
						],
						"vertices": [
							1,
							41,
							-5.6,
							-4.48,
							1,
							1,
							41,
							-20.25,
							15.52,
							1,
							1,
							41,
							-18.69,
							21.84,
							1,
							1,
							41,
							-16.24,
							24.79,
							1,
							1,
							41,
							-3.91,
							25.29,
							1,
							2,
							41,
							13.28,
							26,
							0.89716,
							42,
							-12.77,
							29,
							0.10284,
							3,
							41,
							28.8,
							26.64,
							0.48471,
							42,
							2.58,
							26.64,
							0.44561,
							43,
							-12.23,
							30.68,
							0.06968,
							3,
							41,
							33.69,
							27.97,
							0.31646,
							42,
							7.63,
							27,
							0.54045,
							43,
							-7.25,
							29.76,
							0.1431,
							3,
							41,
							41.13,
							29.35,
							0.14266,
							42,
							15.21,
							26.93,
							0.54601,
							43,
							0.07,
							27.8,
							0.31133,
							3,
							42,
							28.03,
							26.81,
							0.27633,
							43,
							12.45,
							24.47,
							0.63275,
							44,
							-14.21,
							23.27,
							0.09092,
							2,
							43,
							27.01,
							20.56,
							0.46936,
							44,
							0.65,
							20.71,
							0.53064,
							3,
							43,
							34.94,
							18.43,
							0.19887,
							44,
							8.74,
							19.31,
							0.71809,
							45,
							-6.41,
							19.87,
							0.08304,
							2,
							44,
							19.44,
							13.23,
							0.32595,
							45,
							3.78,
							12.98,
							0.67405,
							1,
							45,
							20.49,
							20.59,
							1,
							1,
							45,
							34.59,
							11.07,
							1,
							1,
							45,
							43.13,
							-6.93,
							1,
							1,
							45,
							28.87,
							-20.74,
							1,
							1,
							45,
							12.12,
							-21.01,
							1,
							2,
							44,
							18.43,
							-11.29,
							0.37988,
							45,
							0.85,
							-11.39,
							0.62012,
							2,
							43,
							31.82,
							-17.57,
							0.29668,
							44,
							8.94,
							-16.82,
							0.70332,
							2,
							43,
							24.87,
							-20.81,
							0.56458,
							44,
							2.31,
							-20.68,
							0.43542,
							2,
							42,
							32.51,
							-25.28,
							0.30702,
							43,
							3.75,
							-27.08,
							0.69298,
							2,
							42,
							23.54,
							-25.89,
							0.52735,
							43,
							-5.09,
							-25.42,
							0.47265,
							2,
							42,
							16.43,
							-26.37,
							0.69503,
							43,
							-12.09,
							-24.12,
							0.30497,
							2,
							41,
							35.73,
							-18.41,
							0.30559,
							42,
							0.71,
							-18.9,
							0.69441,
							1,
							41,
							18.07,
							-13.9,
							1,
							1,
							41,
							0.23,
							-9.34,
							1,
							2,
							43,
							24.22,
							0.24,
							0.58254,
							44,
							-0.27,
							0.22,
							0.41746,
							1,
							43,
							10.58,
							-0.89,
							1,
							2,
							42,
							22.07,
							0.03,
							0.50767,
							43,
							-0.02,
							0.03,
							0.49233,
							1,
							42,
							9.82,
							1.09,
							1,
							2,
							41,
							31.32,
							0.06,
							0.52288,
							42,
							-0.07,
							0.07,
							0.47712,
							1,
							41,
							13.63,
							0.85,
							1,
							1,
							41,
							-0.61,
							5.29,
							1,
							1,
							44,
							15.1,
							0.53,
							1,
							1,
							45,
							20.44,
							-0.87,
							1
						],
						"hull": 27
					}
				},
				"heguan_sd_shenti": {
					"heguan_sd_shenti": {
						"x": 202.43,
						"y": 8.93,
						"rotation": -88.41,
						"width": 321,
						"height": 439
					}
				},
				"heguan_sd_shou1": {
					"heguan_sd_shou1": {
						"x": 16.9,
						"y": -17.56,
						"rotation": -22.57,
						"width": 103,
						"height": 96
					}
				},
				"heguan_sd_shoubi1": {
					"heguan_sd_shoubi1": {
						"x": 147.35,
						"y": 42.53,
						"rotation": 118.68,
						"width": 167,
						"height": 307
					}
				},
				"heguan_sd_xianglian": {
					"heguan_sd_xianglian": {
						"x": 25.24,
						"y": -1.05,
						"rotation": 90,
						"width": 88,
						"height": 93
					}
				},
				"heguan_shoubi2": {
					"heguan_sd_shoubi2": {
						"x": 100.78,
						"y": -24.69,
						"rotation": 80.3,
						"width": 136,
						"height": 248
					}
				},
				"heguan_tf_1": {
					"heguan_tf_1": {
						"x": 32.96,
						"y": 10.77,
						"rotation": 80.65,
						"width": 61,
						"height": 77
					}
				},
				"heguan_tf_2": {
					"heguan_tf_2": {
						"x": 30.2,
						"y": 2.04,
						"rotation": 62.63,
						"width": 41,
						"height": 75
					}
				},
				"heguan_tf_3": {
					"heguan_tf_3": {
						"x": 36.03,
						"y": -15.56,
						"rotation": 41.51,
						"width": 57,
						"height": 79
					}
				},
				"heguan_tf_4": {
					"heguan_tf_4": {
						"x": 39.99,
						"y": -17.92,
						"rotation": 115.76,
						"width": 81,
						"height": 84
					}
				},
				"heguan_tf_5": {
					"heguan_tf_5": {
						"x": 49.28,
						"y": 4.78,
						"rotation": 133.22,
						"width": 76,
						"height": 86
					}
				},
				"heguan_tf_6": {
					"heguan_tf_6": {
						"x": 45.86,
						"y": -11.17,
						"rotation": 136.21,
						"width": 87,
						"height": 71
					}
				},
				"heguan_tf_7": {
					"heguan_tf_7": {
						"x": 25.35,
						"y": 14.19,
						"rotation": 139.53,
						"width": 81,
						"height": 80
					}
				},
				"heguan_tf_8": {
					"heguan_tf_8": {
						"x": 40.89,
						"y": 1.58,
						"rotation": 156.63,
						"width": 106,
						"height": 72
					}
				},
				"heguan_tfyin": {
					"heguan_tfyin": {
						"x": 46.37,
						"y": -6.69,
						"rotation": 128.66,
						"width": 147,
						"height": 171
					}
				},
				"heguan_tou": {
					"heguan_tou": {
						"type": "mesh",
						"uvs": [
							0.44525,
							0.02388,
							0.5455,
							0,
							0.60016,
							0.0148,
							0.68076,
							0.03607,
							0.78413,
							0.17609,
							0.84227,
							0.2405,
							0.89054,
							0.39096,
							0.94055,
							0.4293,
							1,
							0.43286,
							1,
							0.44059,
							0.98577,
							0.45191,
							0.87955,
							0.43912,
							0.8403,
							0.52342,
							0.85923,
							0.5824,
							0.72477,
							0.67084,
							0.67272,
							0.64786,
							0.6477,
							0.56827,
							0.64157,
							0.52914,
							0.58177,
							0.5698,
							0.54362,
							0.57176,
							0.50244,
							0.54894,
							0.50603,
							0.61729,
							0.47318,
							0.73119,
							0.37895,
							0.80385,
							0.31383,
							0.84489,
							0.32338,
							1,
							0.31051,
							1,
							0.28252,
							0.96956,
							0.22071,
							0.96538,
							0.17576,
							0.96235,
							0.13562,
							0.87885,
							0.12044,
							0.7101,
							0.1375,
							0.65913,
							0.14364,
							0.61889,
							0.08745,
							0.4803,
							0.15364,
							0.35865,
							0.22579,
							0.30094,
							0.30516,
							0.20851,
							0.26964,
							0.20822,
							0.23219,
							0.24118,
							0.23547,
							0.17113,
							0.31605,
							0.14079,
							0.32961,
							0.15171,
							0.70015,
							0.44683,
							0.74663,
							0.39732,
							0.70444,
							0.2648,
							0.41768,
							0.26937,
							0.37763,
							0.39199,
							0.41196,
							0.45064,
							0.44414,
							0.47958,
							0.56995,
							0.16848,
							0.48972,
							0.17591,
							0.64408,
							0.17684,
							0.30113,
							0.36558,
							0.21063,
							0.50567,
							0.37374,
							0.51464,
							0.23543,
							0.62354,
							0.22732,
							0.80129,
							0.2189,
							0.86431,
							0.75723,
							0.45549,
							0.76529,
							0.53273,
							0.73881,
							0.61365,
							0.80031,
							0.32552,
							0.73352,
							0.22549,
							0.83788,
							0.42111,
							0.2664,
							0.72697,
							0.33613,
							0.64495
						],
						"triangles": [
							54,
							53,
							55,
							33,
							34,
							54,
							56,
							54,
							55,
							33,
							54,
							56,
							66,
							56,
							55,
							55,
							20,
							21,
							21,
							66,
							55,
							22,
							66,
							21,
							57,
							30,
							31,
							58,
							57,
							24,
							58,
							30,
							57,
							29,
							30,
							58,
							27,
							28,
							58,
							29,
							58,
							28,
							24,
							27,
							58,
							25,
							26,
							27,
							25,
							27,
							24,
							57,
							31,
							65,
							24,
							57,
							65,
							65,
							31,
							32,
							23,
							24,
							65,
							32,
							56,
							65,
							65,
							66,
							23,
							65,
							56,
							66,
							56,
							32,
							33,
							23,
							66,
							22,
							50,
							1,
							2,
							51,
							0,
							1,
							3,
							52,
							2,
							62,
							5,
							6,
							44,
							62,
							64,
							59,
							44,
							64,
							60,
							43,
							59,
							61,
							16,
							60,
							15,
							16,
							61,
							52,
							50,
							2,
							51,
							42,
							0,
							1,
							50,
							51,
							4,
							52,
							3,
							38,
							40,
							41,
							37,
							38,
							41,
							42,
							37,
							41,
							63,
							52,
							4,
							39,
							40,
							38,
							45,
							52,
							63,
							46,
							42,
							51,
							37,
							42,
							46,
							5,
							63,
							4,
							62,
							63,
							5,
							45,
							63,
							62,
							53,
							36,
							37,
							53,
							37,
							46,
							47,
							53,
							46,
							44,
							45,
							62,
							45,
							50,
							52,
							43,
							45,
							44,
							48,
							47,
							46,
							43,
							44,
							59,
							43,
							49,
							46,
							48,
							46,
							49,
							53,
							54,
							35,
							53,
							35,
							36,
							34,
							35,
							54,
							55,
							53,
							47,
							55,
							47,
							48,
							55,
							48,
							49,
							46,
							51,
							50,
							45,
							43,
							50,
							43,
							46,
							50,
							17,
							20,
							43,
							20,
							49,
							43,
							60,
							16,
							17,
							18,
							20,
							17,
							19,
							20,
							18,
							17,
							43,
							60,
							20,
							55,
							49,
							64,
							62,
							6,
							11,
							64,
							6,
							11,
							6,
							7,
							10,
							7,
							8,
							9,
							10,
							8,
							11,
							7,
							10,
							12,
							64,
							11,
							59,
							64,
							12,
							60,
							59,
							12,
							14,
							15,
							61,
							60,
							12,
							13,
							13,
							14,
							61,
							13,
							61,
							60
						],
						"vertices": [
							1,
							27,
							26.23,
							40.31,
							1,
							1,
							27,
							33.8,
							5.79,
							1,
							1,
							27,
							28.94,
							-12.99,
							1,
							1,
							27,
							21.96,
							-40.69,
							1,
							1,
							4,
							152.96,
							-75.98,
							1,
							1,
							4,
							132.07,
							-95.89,
							1,
							2,
							4,
							85.67,
							-111.46,
							0.79,
							46,
							21.82,
							50.25,
							0.21,
							2,
							4,
							73.22,
							-128.61,
							0.79,
							46,
							35.86,
							66.13,
							0.21,
							2,
							4,
							71.98,
							-149.06,
							0.79,
							46,
							39.06,
							86.36,
							0.21,
							2,
							4,
							69.49,
							-149.05,
							0.79,
							46,
							41.55,
							86.11,
							0.21,
							2,
							4,
							65.85,
							-144.14,
							0.79,
							46,
							44.69,
							80.87,
							0.21,
							2,
							4,
							70.13,
							-107.62,
							0.79,
							46,
							36.91,
							44.93,
							0.21,
							2,
							4,
							42.96,
							-94,
							0.79,
							46,
							62.65,
							28.76,
							0.21,
							2,
							4,
							23.88,
							-100.44,
							0.79,
							46,
							82.25,
							33.33,
							0.21,
							2,
							4,
							-4.5,
							-54.07,
							0.79,
							46,
							106.03,
							-15.56,
							0.21,
							2,
							4,
							3,
							-36.19,
							0.79,
							46,
							96.85,
							-32.63,
							0.21,
							1,
							4,
							26.47,
							-28.53,
							1,
							1,
							4,
							39.12,
							-26.47,
							1,
							1,
							4,
							26.07,
							-5.85,
							1,
							1,
							4,
							25.49,
							7.28,
							1,
							1,
							4,
							32.92,
							21.41,
							1,
							1,
							37,
							11.55,
							48.27,
							1,
							2,
							38,
							-6.9,
							56.18,
							0.64,
							37,
							49.13,
							56.56,
							0.36,
							2,
							38,
							31.68,
							45.53,
							0.33,
							39,
							1.96,
							45.8,
							0.67,
							2,
							39,
							24.52,
							32.81,
							0.51,
							40,
							8.43,
							31.85,
							0.49,
							2,
							38,
							93.09,
							70.18,
							0,
							40,
							57.3,
							43.33,
							1,
							2,
							38,
							95.86,
							66.72,
							0,
							40,
							58.03,
							38.96,
							1,
							2,
							39,
							64.88,
							43.23,
							0.00164,
							40,
							49.92,
							27.84,
							0.99836,
							1,
							40,
							52.08,
							6.65,
							1,
							1,
							40,
							53.66,
							-8.76,
							1,
							2,
							39,
							64.2,
							-15.18,
							0.02721,
							40,
							29.32,
							-26.82,
							0.97279,
							2,
							39,
							19.31,
							-46.52,
							0.51,
							40,
							-23.58,
							-40.93,
							0.49,
							2,
							38,
							47.06,
							-48.53,
							0.33,
							39,
							2.08,
							-49.51,
							0.67,
							2,
							38,
							35.59,
							-55,
							0.64,
							37,
							73.41,
							-59.96,
							0.36,
							1,
							4,
							55.67,
							164.08,
							1,
							1,
							4,
							94.87,
							141.15,
							1,
							1,
							4,
							113.41,
							116.25,
							1,
							1,
							4,
							143.16,
							88.83,
							1,
							1,
							4,
							143.3,
							101.05,
							1,
							1,
							4,
							132.71,
							113.97,
							1,
							1,
							4,
							155.33,
							112.75,
							1,
							1,
							4,
							165.01,
							84.99,
							1,
							1,
							4,
							161.47,
							80.34,
							1,
							1,
							4,
							65.63,
							-46.73,
							1,
							1,
							4,
							81.55,
							-62.79,
							1,
							1,
							4,
							124.41,
							-48.45,
							1,
							1,
							4,
							123.34,
							50.2,
							1,
							1,
							4,
							83.79,
							64.14,
							1,
							1,
							4,
							64.8,
							52.41,
							1,
							1,
							4,
							55.41,
							41.38,
							1,
							1,
							4,
							155.71,
							-2.31,
							1,
							1,
							4,
							153.43,
							25.3,
							1,
							1,
							4,
							152.91,
							-27.8,
							1,
							1,
							4,
							92.43,
							90.42,
							1,
							1,
							37,
							30.23,
							-57.92,
							1,
							1,
							37,
							5.11,
							-7.67,
							1,
							2,
							38,
							17.04,
							-29.41,
							0.64,
							37,
							59.16,
							-31.75,
							0.36,
							2,
							39,
							26.88,
							-0.03,
							0.51,
							40,
							-0.57,
							0.18,
							0.49,
							1,
							40,
							19.98,
							0.67,
							1,
							2,
							4,
							65.01,
							-65.52,
							0.79,
							46,
							37.95,
							2.53,
							0.21,
							2,
							4,
							40.05,
							-68.19,
							0.79,
							46,
							63.05,
							2.79,
							0.21,
							2,
							4,
							13.96,
							-58.97,
							0.79,
							46,
							88.14,
							-8.9,
							0.21,
							2,
							4,
							106.93,
							-80.51,
							0.79,
							46,
							-2.33,
							21.49,
							0.21,
							1,
							4,
							137.07,
							-58.5,
							1,
							2,
							4,
							76.01,
							-93.31,
							0.79,
							46,
							29.68,
							31.25,
							0.21,
							2,
							38,
							36.47,
							-0.22,
							0.33,
							39,
							-0.63,
							-0.12,
							0.67,
							2,
							38,
							0.8,
							1.96,
							0.54807,
							37,
							48.12,
							1.81,
							0.45193
						],
						"hull": 43
					}
				},
				"heguan_xb_xiongqiang": {
					"heguan_sd_xiongqiang2": {
						"type": "mesh",
						"uvs": [
							0.65253,
							0.11633,
							0.66168,
							0.2422,
							0.68097,
							0.28495,
							0.74987,
							0.35164,
							0.96001,
							0.40834,
							1,
							0.51099,
							1,
							0.51921,
							0.96533,
							0.70727,
							0.93901,
							0.85004,
							0.89557,
							0.89025,
							0.79151,
							0.98659,
							0.57643,
							1,
							0.42511,
							1,
							0.18377,
							0.96855,
							0.15247,
							0.95102,
							0.02823,
							0.64985,
							0.00001,
							0.38552,
							0.17176,
							0.35321,
							0.31033,
							0.28827,
							0.35218,
							0.21478,
							0.34381,
							0.06674,
							0.4038,
							0.05455,
							0.51426,
							0.04974,
							0.4335,
							0.34332,
							0.53481,
							0.37035,
							0.63612,
							0.33431,
							0.4145,
							0.27862,
							0.52637,
							0.31056,
							0.60235,
							0.27862,
							0.39867,
							0.39738,
							0.5327,
							0.41703,
							0.64773,
							0.39,
							0.18724,
							0.54804,
							0.1516,
							0.65571,
							0.15415,
							0.75152,
							0.22797,
							0.87399,
							0.39469,
							0.90066,
							0.60215,
							0.90165,
							0.76124,
							0.89671,
							0.88724,
							0.85424,
							0.91524,
							0.7209,
							0.91524,
							0.57767,
							0.83251,
							0.5194,
							0.62251,
							0.50952,
							0.39597,
							0.52236,
							0.29669,
							0.73374,
							0.84142,
							0.7446,
							0.56015,
							0.7525,
							0.21651,
							0.92239,
							0.39851,
							0.93622,
							0.59324,
							0.94017,
							0.78033,
							0.92634
						],
						"triangles": [
							8,
							40,
							7,
							19,
							20,
							21,
							22,
							19,
							21,
							28,
							26,
							22,
							0,
							28,
							22,
							26,
							19,
							22,
							1,
							28,
							0,
							28,
							1,
							2,
							18,
							19,
							26,
							27,
							26,
							28,
							25,
							28,
							2,
							27,
							28,
							25,
							23,
							26,
							27,
							25,
							2,
							3,
							24,
							27,
							25,
							23,
							27,
							24,
							31,
							25,
							3,
							24,
							25,
							31,
							23,
							29,
							18,
							23,
							18,
							26,
							24,
							29,
							23,
							30,
							24,
							31,
							30,
							29,
							24,
							43,
							30,
							31,
							42,
							4,
							5,
							42,
							3,
							4,
							5,
							41,
							42,
							31,
							3,
							42,
							43,
							31,
							42,
							29,
							17,
							18,
							44,
							29,
							30,
							44,
							30,
							43,
							29,
							32,
							17,
							44,
							32,
							29,
							16,
							17,
							32,
							6,
							41,
							5,
							15,
							16,
							32,
							33,
							15,
							32,
							7,
							41,
							6,
							40,
							41,
							7,
							46,
							42,
							41,
							45,
							32,
							44,
							33,
							32,
							45,
							40,
							46,
							41,
							34,
							33,
							45,
							47,
							44,
							43,
							45,
							44,
							47,
							46,
							47,
							43,
							46,
							43,
							42,
							46,
							40,
							8,
							39,
							46,
							8,
							35,
							34,
							45,
							9,
							39,
							8,
							38,
							47,
							46,
							38,
							46,
							39,
							38,
							39,
							9,
							36,
							45,
							47,
							37,
							36,
							47,
							35,
							45,
							36,
							38,
							37,
							47,
							35,
							14,
							34,
							48,
							35,
							36,
							51,
							38,
							9,
							50,
							49,
							36,
							48,
							36,
							49,
							37,
							50,
							36,
							34,
							15,
							33,
							48,
							14,
							35,
							14,
							15,
							34,
							13,
							14,
							48,
							10,
							51,
							9,
							12,
							49,
							50,
							13,
							48,
							49,
							12,
							13,
							49,
							11,
							12,
							50,
							50,
							37,
							38,
							50,
							38,
							51,
							50,
							51,
							10,
							11,
							50,
							10
						],
						"vertices": [
							1,
							4,
							82.09,
							-32.04,
							1,
							2,
							3,
							251.1,
							-33.47,
							0.5,
							4,
							41.05,
							-34.18,
							0.5,
							2,
							3,
							237.23,
							-38.54,
							0.5,
							4,
							27.09,
							-39.01,
							0.5,
							2,
							3,
							215.72,
							-56.25,
							0.5,
							4,
							5.28,
							-56.35,
							0.5,
							1,
							3,
							197.94,
							-109.66,
							1,
							1,
							3,
							164.61,
							-120.21,
							1,
							1,
							3,
							161.93,
							-120.25,
							1,
							2,
							3,
							100.51,
							-112.28,
							0.19,
							5,
							9.06,
							-95.82,
							0.81,
							2,
							3,
							53.89,
							-106.24,
							0.41,
							5,
							-37.69,
							-90.75,
							0.59,
							1,
							3,
							40.63,
							-95.42,
							1,
							1,
							3,
							8.89,
							-69.51,
							1,
							1,
							3,
							3.8,
							-15.16,
							1,
							1,
							3,
							3.29,
							23.12,
							1,
							1,
							3,
							12.74,
							84.31,
							1,
							1,
							3,
							18.35,
							92.31,
							1,
							1,
							3,
							116.11,
							125.03,
							1,
							1,
							3,
							202.18,
							133.3,
							1,
							2,
							3,
							213.29,
							89.99,
							0.5,
							4,
							5.36,
							89.91,
							0.5,
							2,
							3,
							234.92,
							55.21,
							0.5,
							4,
							26.39,
							54.77,
							0.5,
							2,
							3,
							259.01,
							44.94,
							0.5,
							4,
							50.3,
							44.08,
							0.5,
							1,
							4,
							98.57,
							46,
							1,
							1,
							4,
							102.49,
							30.81,
							1,
							1,
							4,
							103.94,
							2.85,
							1,
							2,
							3,
							217.38,
							23.82,
							0.5,
							4,
							8.32,
							23.68,
							0.5,
							2,
							3,
							208.91,
							-1.93,
							0.5,
							4,
							-0.6,
							-1.92,
							0.5,
							2,
							3,
							220.99,
							-27.4,
							0.5,
							4,
							11.04,
							-27.6,
							0.5,
							2,
							3,
							238.41,
							28.9,
							0.5,
							4,
							29.43,
							28.4,
							0.5,
							2,
							3,
							228.37,
							0.46,
							0.5,
							4,
							18.9,
							0.14,
							0.5,
							2,
							3,
							239.03,
							-18.62,
							0.5,
							4,
							29.23,
							-19.13,
							0.5,
							2,
							3,
							199.64,
							32.4,
							0.5,
							4,
							-9.27,
							32.56,
							0.5,
							2,
							3,
							193.68,
							-1.59,
							0.5,
							4,
							-15.82,
							-1.32,
							0.5,
							2,
							3,
							202.88,
							-30.58,
							0.5,
							4,
							-7.12,
							-30.46,
							0.5,
							2,
							3,
							149.83,
							85.24,
							0.74,
							5,
							54.22,
							102.69,
							0.26,
							2,
							3,
							114.61,
							93.79,
							0.74,
							5,
							18.84,
							110.51,
							0.26,
							2,
							3,
							83.39,
							92.74,
							0.74,
							5,
							-12.36,
							108.8,
							0.26,
							2,
							3,
							43.71,
							73.54,
							0.74,
							5,
							-51.63,
							88.77,
							0.26,
							2,
							3,
							35.57,
							31.24,
							0.74,
							5,
							-58.88,
							46.32,
							0.26,
							2,
							3,
							35.94,
							-21.24,
							0.74,
							5,
							-57.41,
							-6.15,
							0.26,
							2,
							3,
							38.08,
							-61.47,
							0.74,
							5,
							-54.43,
							-46.32,
							0.26,
							2,
							3,
							52.35,
							-93.16,
							0.74,
							5,
							-39.5,
							-77.71,
							0.26,
							2,
							3,
							95.91,
							-99.67,
							0.74,
							5,
							4.18,
							-83.3,
							0.26,
							2,
							3,
							142.59,
							-99.06,
							0.74,
							5,
							50.85,
							-81.71,
							0.26,
							2,
							3,
							161.31,
							-77.88,
							0.74,
							5,
							69.12,
							-60.15,
							0.26,
							2,
							3,
							163.83,
							-24.71,
							0.15,
							5,
							70.53,
							-6.94,
							0.85,
							2,
							3,
							158.89,
							32.55,
							0.74,
							5,
							64.39,
							50.2,
							0.26,
							2,
							3,
							89.66,
							56.75,
							0.74,
							5,
							-5.34,
							72.95,
							0.26,
							2,
							3,
							87.93,
							-81.1,
							0.74,
							5,
							-4.18,
							-64.9,
							0.26,
							2,
							3,
							84.42,
							-9.98,
							0.74,
							5,
							-9.18,
							6.13,
							0.26,
							2,
							3,
							27.9,
							76.23,
							0.97823,
							4,
							-180.24,
							79.35,
							0.02177,
							2,
							3,
							24,
							30.13,
							0.95633,
							4,
							-184.93,
							33.32,
							0.04367,
							2,
							3,
							23.36,
							-19.15,
							0.97863,
							4,
							-186.42,
							-15.94,
							0.02137,
							2,
							3,
							28.49,
							-66.42,
							0.99053,
							4,
							-182.11,
							-63.29,
							0.00947
						],
						"hull": 23
					}
				},
				"heguan_yanjing01": {
					"heguan_sd_yanjing02": {
						"x": 3.52,
						"y": 0.3,
						"rotation": -90.23,
						"width": 89,
						"height": 13
					},
					"heguan_sd_yanjing03": {
						"x": 2.85,
						"y": -0.23,
						"rotation": -90.23,
						"width": 96,
						"height": 19
					}
				},
				"heguan_zuiba": {
					"heguan_sd_zuiba": {
						"x": -4.2,
						"y": 1.83,
						"rotation": -90.23,
						"width": 43,
						"height": 25
					}
				}
			}
		}
	],
	"animations": {
		"breathAnim": {
			"slots": {
				"heguan_sd_gebo3": {
					"attachment": [
						{
							"name": "heguan_sd_gebo3"
						}
					]
				},
				"heguan_sd_gebo4": {
					"attachment": [
						{
							"name": "heguan_sd_gebo4"
						}
					]
				},
				"heguan_shoubi2": {
					"attachment": [
						{
							"name": "heguan_sd_shoubi2"
						},
						{
							"time": 2.8333,
							"name": "heguan_sd_shoubi2"
						}
					]
				},
				"heguan_yanjing01": {
					"attachment": [
						{
							"name": null
						},
						{
							"time": 0.9,
							"name": "heguan_sd_yanjing02"
						},
						{
							"time": 0.9667,
							"name": "heguan_sd_yanjing03"
						},
						{
							"time": 1.0333,
							"name": "heguan_sd_yanjing02"
						},
						{
							"time": 1.1,
							"name": null
						}
					]
				}
			},
			"bones": {
				"root": {
					"rotate": [
						{
							"curve": "stepped"
						},
						{
							"time": 2.8333
						}
					],
					"translate": [
						{
							"curve": "stepped"
						},
						{
							"time": 2.8333
						}
					],
					"scale": [
						{
							"curve": "stepped"
						},
						{
							"time": 2.8333
						}
					],
					"shear": [
						{
							"curve": "stepped"
						},
						{
							"time": 2.8333
						}
					]
				},
				"bone": {
					"rotate": [
						{
							"curve": "stepped"
						},
						{
							"time": 2.8333
						}
					],
					"translate": [
						{
							"curve": "stepped"
						},
						{
							"time": 2.8333
						}
					],
					"scale": [
						{
							"curve": "stepped"
						},
						{
							"time": 2.8333
						}
					],
					"shear": [
						{
							"curve": "stepped"
						},
						{
							"time": 2.8333
						}
					]
				},
				"st": {
					"rotate": [
						{
							"curve": "stepped"
						},
						{
							"time": 2.8333
						}
					],
					"translate": [
						{
							"curve": "stepped"
						},
						{
							"time": 2.8333
						}
					],
					"scale": [
						{
							"curve": "stepped"
						},
						{
							"time": 2.8333
						}
					],
					"shear": [
						{
							"curve": "stepped"
						},
						{
							"time": 2.8333
						}
					]
				},
				"shangbansheng": {
					"rotate": [
						{
							"curve": 0.25,
							"c3": 0.75
						},
						{
							"time": 1.3333,
							"angle": 0.62,
							"curve": 0.25,
							"c3": 0.75
						},
						{
							"time": 2.8333
						}
					],
					"translate": [
						{
							"curve": 0.25,
							"c3": 0.75
						},
						{
							"time": 1.3333,
							"x": 1.18,
							"y": 0.03,
							"curve": 0.25,
							"c3": 0.75
						},
						{
							"time": 2.8333
						}
					],
					"scale": [
						{
							"curve": "stepped"
						},
						{
							"time": 2.8333
						}
					],
					"shear": [
						{
							"curve": "stepped"
						},
						{
							"time": 2.8333
						}
					]
				},
				"tou": {
					"rotate": [
						{},
						{
							"time": 1.3333,
							"angle": 0.46
						},
						{
							"time": 2.8333
						}
					],
					"translate": [
						{},
						{
							"time": 1.3333,
							"x": 1.32
						},
						{
							"time": 2.8333
						}
					],
					"scale": [
						{
							"curve": "stepped"
						},
						{
							"time": 2.8333
						}
					],
					"shear": [
						{
							"curve": "stepped"
						},
						{
							"time": 2.8333
						}
					]
				},
				"hdj": {
					"rotate": [
						{
							"curve": "stepped"
						},
						{
							"time": 2.8333
						}
					],
					"translate": [
						{
							"curve": 0.25,
							"c3": 0.75
						},
						{
							"time": 1.3333,
							"x": 0.43,
							"y": 0.01,
							"curve": 0.25,
							"c3": 0.75
						},
						{
							"time": 2.8333
						}
					],
					"scale": [
						{
							"curve": "stepped"
						},
						{
							"time": 2.8333
						}
					],
					"shear": [
						{
							"curve": "stepped"
						},
						{
							"time": 2.8333
						}
					]
				},
				"bone6": {
					"rotate": [
						{
							"curve": "stepped"
						},
						{
							"time": 2.8333
						}
					],
					"translate": [
						{
							"curve": "stepped"
						},
						{
							"time": 2.8333
						}
					],
					"scale": [
						{
							"curve": "stepped"
						},
						{
							"time": 2.8333
						}
					],
					"shear": [
						{
							"curve": 0.25,
							"c3": 0.75
						},
						{
							"time": 1.3333,
							"x": -3.27,
							"curve": 0.25,
							"c3": 0.75
						},
						{
							"time": 2.8333
						}
					]
				},
				"bone7": {
					"rotate": [
						{
							"curve": "stepped"
						},
						{
							"time": 2.8333
						}
					],
					"translate": [
						{
							"curve": "stepped"
						},
						{
							"time": 2.8333
						}
					],
					"scale": [
						{
							"curve": "stepped"
						},
						{
							"time": 2.8333
						}
					],
					"shear": [
						{
							"curve": 0.25,
							"c3": 0.75
						},
						{
							"time": 1.3333,
							"x": 4.68,
							"curve": 0.25,
							"c3": 0.75
						},
						{
							"time": 2.8333
						}
					]
				},
				"bone8": {
					"rotate": [
						{},
						{
							"time": 1.3333,
							"angle": 0.94
						},
						{
							"time": 2.8333
						}
					],
					"translate": [
						{
							"curve": "stepped"
						},
						{
							"time": 2.8333
						}
					],
					"scale": [
						{
							"curve": "stepped"
						},
						{
							"time": 2.8333
						}
					],
					"shear": [
						{
							"curve": "stepped"
						},
						{
							"time": 2.8333
						}
					]
				},
				"bone9": {
					"rotate": [
						{},
						{
							"time": 1.3333,
							"angle": 0.94
						},
						{
							"time": 2.8333
						}
					],
					"translate": [
						{
							"curve": "stepped"
						},
						{
							"time": 2.8333
						}
					],
					"scale": [
						{
							"curve": "stepped"
						},
						{
							"time": 2.8333
						}
					],
					"shear": [
						{
							"curve": "stepped"
						},
						{
							"time": 2.8333
						}
					]
				},
				"bone10": {
					"rotate": [
						{},
						{
							"time": 1.3333,
							"angle": 0.94
						},
						{
							"time": 2.8333
						}
					],
					"translate": [
						{
							"curve": "stepped"
						},
						{
							"time": 2.8333
						}
					],
					"scale": [
						{
							"curve": "stepped"
						},
						{
							"time": 2.8333
						}
					],
					"shear": [
						{
							"curve": "stepped"
						},
						{
							"time": 2.8333
						}
					]
				},
				"bone11": {
					"rotate": [
						{},
						{
							"time": 1.3333,
							"angle": 0.94
						},
						{
							"time": 2.8333
						}
					],
					"translate": [
						{
							"curve": "stepped"
						},
						{
							"time": 2.8333
						}
					],
					"scale": [
						{
							"curve": "stepped"
						},
						{
							"time": 2.8333
						}
					],
					"shear": [
						{
							"curve": "stepped"
						},
						{
							"time": 2.8333
						}
					]
				},
				"bone12": {
					"rotate": [
						{},
						{
							"time": 1.3333,
							"angle": -0.93
						},
						{
							"time": 2.8333
						}
					],
					"translate": [
						{
							"curve": "stepped"
						},
						{
							"time": 2.8333
						}
					],
					"scale": [
						{
							"curve": "stepped"
						},
						{
							"time": 2.8333
						}
					],
					"shear": [
						{
							"curve": "stepped"
						},
						{
							"time": 2.8333
						}
					]
				},
				"bone13": {
					"rotate": [
						{},
						{
							"time": 1.3333,
							"angle": -0.93
						},
						{
							"time": 2.8333
						}
					],
					"translate": [
						{
							"curve": "stepped"
						},
						{
							"time": 2.8333
						}
					],
					"scale": [
						{
							"curve": "stepped"
						},
						{
							"time": 2.8333
						}
					],
					"shear": [
						{
							"curve": "stepped"
						},
						{
							"time": 2.8333
						}
					]
				},
				"bone14": {
					"rotate": [
						{},
						{
							"time": 1.3333,
							"angle": -0.93
						},
						{
							"time": 2.8333
						}
					],
					"translate": [
						{
							"curve": "stepped"
						},
						{
							"time": 2.8333
						}
					],
					"scale": [
						{
							"curve": "stepped"
						},
						{
							"time": 2.8333
						}
					],
					"shear": [
						{
							"curve": "stepped"
						},
						{
							"time": 2.8333
						}
					]
				},
				"bone15": {
					"rotate": [
						{},
						{
							"time": 1.3333,
							"angle": -0.93
						},
						{
							"time": 2.8333
						}
					],
					"translate": [
						{
							"curve": "stepped"
						},
						{
							"time": 2.8333
						}
					],
					"scale": [
						{
							"curve": "stepped"
						},
						{
							"time": 2.8333
						}
					],
					"shear": [
						{
							"curve": "stepped"
						},
						{
							"time": 2.8333
						}
					]
				},
				"xianlian": {
					"rotate": [
						{},
						{
							"time": 1.3333,
							"angle": 2.25
						},
						{
							"time": 2.8333
						}
					],
					"translate": [
						{
							"curve": "stepped"
						},
						{
							"time": 2.8333
						}
					],
					"scale": [
						{
							"curve": "stepped"
						},
						{
							"time": 2.8333
						}
					],
					"shear": [
						{
							"curve": "stepped"
						},
						{
							"time": 2.8333
						}
					]
				},
				"maozi": {
					"rotate": [
						{
							"curve": "stepped"
						},
						{
							"time": 2.8333
						}
					],
					"translate": [
						{
							"curve": "stepped"
						},
						{
							"time": 2.8333
						}
					],
					"scale": [
						{
							"curve": "stepped"
						},
						{
							"time": 2.8333
						}
					],
					"shear": [
						{},
						{
							"time": 1.3333,
							"x": 1.33,
							"y": 1.21
						},
						{
							"time": 2.8333
						}
					]
				},
				"shangbansheng2": {
					"rotate": [
						{},
						{
							"time": 1.3333,
							"angle": 0.5
						},
						{
							"time": 2.8333
						}
					],
					"translate": [
						{
							"curve": "stepped"
						},
						{
							"time": 2.8333
						}
					],
					"scale": [
						{
							"curve": "stepped"
						},
						{
							"time": 2.8333
						}
					],
					"shear": [
						{
							"curve": "stepped"
						},
						{
							"time": 2.8333
						}
					]
				},
				"shangbansheng3": {
					"rotate": [
						{
							"curve": "stepped"
						},
						{
							"time": 2.8333
						}
					],
					"translate": [
						{
							"curve": "stepped"
						},
						{
							"time": 2.8333
						}
					],
					"scale": [
						{
							"curve": "stepped"
						},
						{
							"time": 2.8333
						}
					],
					"shear": [
						{
							"curve": "stepped"
						},
						{
							"time": 2.8333
						}
					]
				},
				"shangbansheng4": {
					"rotate": [
						{},
						{
							"time": 1.3333,
							"angle": 3.71
						},
						{
							"time": 2.8333
						}
					],
					"translate": [
						{
							"curve": "stepped"
						},
						{
							"time": 2.8333
						}
					],
					"scale": [
						{
							"curve": "stepped"
						},
						{
							"time": 2.8333
						}
					],
					"shear": [
						{
							"curve": "stepped"
						},
						{
							"time": 2.8333
						}
					]
				},
				"shangbansheng5": {
					"rotate": [
						{
							"angle": 1.19,
							"curve": 0.25,
							"c3": 0.75
						},
						{
							"time": 1.3333,
							"angle": -1.04,
							"curve": 0.25,
							"c3": 0.75
						},
						{
							"time": 2.8333,
							"angle": 1.19
						}
					],
					"translate": [
						{
							"curve": "stepped"
						},
						{
							"time": 2.8333
						}
					],
					"scale": [
						{
							"curve": "stepped"
						},
						{
							"time": 2.8333
						}
					],
					"shear": [
						{
							"curve": "stepped"
						},
						{
							"time": 2.8333
						}
					]
				},
				"yanjing": {
					"rotate": [
						{
							"curve": "stepped"
						},
						{
							"time": 2.8333
						}
					],
					"translate": [
						{
							"curve": "stepped"
						},
						{
							"time": 2.8333
						}
					],
					"scale": [
						{
							"curve": "stepped"
						},
						{
							"time": 2.8333
						}
					],
					"shear": [
						{
							"curve": "stepped"
						},
						{
							"time": 2.8333
						}
					]
				},
				"zuiba": {
					"rotate": [
						{
							"curve": "stepped"
						},
						{
							"time": 2.8333
						}
					],
					"translate": [
						{
							"curve": "stepped"
						},
						{
							"time": 2.8333
						}
					],
					"scale": [
						{
							"curve": "stepped"
						},
						{
							"time": 2.8333
						}
					],
					"shear": [
						{
							"curve": "stepped"
						},
						{
							"time": 2.8333
						}
					]
				},
				"tou2": {
					"rotate": [
						{},
						{
							"time": 1,
							"angle": -9.63
						},
						{
							"time": 2,
							"angle": -0.44
						},
						{
							"time": 2.8333
						}
					],
					"translate": [
						{
							"curve": "stepped"
						},
						{
							"time": 2.8333
						}
					],
					"scale": [
						{
							"curve": "stepped"
						},
						{
							"time": 2.8333
						}
					],
					"shear": [
						{
							"curve": "stepped"
						},
						{
							"time": 2.8333
						}
					]
				},
				"tou3": {
					"rotate": [
						{},
						{
							"time": 1,
							"angle": 6.94
						},
						{
							"time": 2,
							"angle": -0.41
						},
						{
							"time": 2.8333
						}
					],
					"translate": [
						{
							"curve": "stepped"
						},
						{
							"time": 2.8333
						}
					],
					"scale": [
						{
							"curve": "stepped"
						},
						{
							"time": 2.8333
						}
					],
					"shear": [
						{
							"curve": "stepped"
						},
						{
							"time": 2.8333
						}
					]
				},
				"toufa": {
					"rotate": [
						{
							"curve": "stepped"
						},
						{
							"time": 2.8333
						}
					],
					"translate": [
						{
							"curve": "stepped"
						},
						{
							"time": 2.8333
						}
					],
					"scale": [
						{
							"curve": "stepped"
						},
						{
							"time": 2.8333
						}
					],
					"shear": [
						{
							"curve": "stepped"
						},
						{
							"time": 2.8333
						}
					]
				},
				"toufa1": {
					"rotate": [
						{},
						{
							"time": 1.3333,
							"angle": -2.11
						},
						{
							"time": 2.8333
						}
					],
					"translate": [
						{
							"curve": "stepped"
						},
						{
							"time": 2.8333
						}
					],
					"scale": [
						{
							"curve": "stepped"
						},
						{
							"time": 2.8333
						}
					],
					"shear": [
						{
							"curve": "stepped"
						},
						{
							"time": 2.8333
						}
					]
				},
				"toufa2": {
					"rotate": [
						{},
						{
							"time": 1.3333,
							"angle": -13.8
						},
						{
							"time": 2.8333
						}
					],
					"translate": [
						{
							"curve": "stepped"
						},
						{
							"time": 2.8333
						}
					],
					"scale": [
						{
							"curve": "stepped"
						},
						{
							"time": 2.8333
						}
					],
					"shear": [
						{
							"curve": "stepped"
						},
						{
							"time": 2.8333
						}
					]
				},
				"toufa3": {
					"rotate": [
						{},
						{
							"time": 1.5,
							"angle": -4.12
						},
						{
							"time": 2.8333
						}
					],
					"translate": [
						{
							"curve": "stepped"
						},
						{
							"time": 2.8333
						}
					],
					"scale": [
						{
							"curve": "stepped"
						},
						{
							"time": 2.8333
						}
					],
					"shear": [
						{},
						{
							"time": 1.5,
							"y": -7.77
						},
						{
							"time": 2.8333
						}
					]
				},
				"shangbansheng8": {
					"rotate": [
						{},
						{
							"time": 1.3333,
							"angle": 5.49
						},
						{
							"time": 2.8333
						}
					],
					"translate": [
						{
							"curve": "stepped"
						},
						{
							"time": 2.8333
						}
					],
					"scale": [
						{
							"curve": "stepped"
						},
						{
							"time": 2.8333
						}
					],
					"shear": [
						{
							"curve": "stepped"
						},
						{
							"time": 2.8333
						}
					]
				},
				"tou4": {
					"rotate": [
						{},
						{
							"time": 1.3333,
							"angle": -3.12
						},
						{
							"time": 2.8333
						}
					],
					"translate": [
						{
							"curve": "stepped"
						},
						{
							"time": 2.8333
						}
					],
					"scale": [
						{
							"curve": "stepped"
						},
						{
							"time": 2.8333
						}
					],
					"shear": [
						{
							"curve": "stepped"
						},
						{
							"time": 2.8333
						}
					]
				},
				"tou5": {
					"rotate": [
						{},
						{
							"time": 1.3333,
							"angle": -6.37
						},
						{
							"time": 2.8333
						}
					],
					"translate": [
						{
							"curve": "stepped"
						},
						{
							"time": 2.8333
						}
					],
					"scale": [
						{
							"curve": "stepped"
						},
						{
							"time": 2.8333
						}
					],
					"shear": [
						{
							"curve": "stepped"
						},
						{
							"time": 2.8333
						}
					]
				},
				"tou6": {
					"rotate": [
						{},
						{
							"time": 1.3333,
							"angle": -11.43
						},
						{
							"time": 2.8333
						}
					],
					"translate": [
						{
							"curve": "stepped"
						},
						{
							"time": 2.8333
						}
					],
					"scale": [
						{
							"curve": "stepped"
						},
						{
							"time": 2.8333
						}
					],
					"shear": [
						{
							"curve": "stepped"
						},
						{
							"time": 2.8333
						}
					]
				},
				"tou7": {
					"rotate": [
						{},
						{
							"time": 1.3333,
							"angle": 5.14
						},
						{
							"time": 2.8333
						}
					],
					"translate": [
						{
							"curve": "stepped"
						},
						{
							"time": 2.8333
						}
					],
					"scale": [
						{
							"curve": "stepped"
						},
						{
							"time": 2.8333
						}
					],
					"shear": [
						{
							"curve": "stepped"
						},
						{
							"time": 2.8333
						}
					]
				},
				"toufa4": {
					"rotate": [
						{},
						{
							"time": 1.3333,
							"angle": 7.57
						},
						{
							"time": 2.8333
						}
					],
					"translate": [
						{
							"curve": "stepped"
						},
						{
							"time": 2.8333
						}
					],
					"scale": [
						{
							"curve": "stepped"
						},
						{
							"time": 2.8333
						}
					],
					"shear": [
						{
							"curve": "stepped"
						},
						{
							"time": 2.8333
						}
					]
				},
				"shangbansheng9": {
					"rotate": [
						{
							"curve": "stepped"
						},
						{
							"time": 1.3333,
							"curve": "stepped"
						},
						{
							"time": 2.8333
						}
					],
					"translate": [
						{
							"curve": 0.25,
							"c3": 0.75
						},
						{
							"time": 1.3333,
							"x": 3.27,
							"y": 0.02,
							"curve": 0.25,
							"c3": 0.75
						},
						{
							"time": 2.8333
						}
					],
					"scale": [
						{
							"curve": "stepped"
						},
						{
							"time": 1.3333,
							"curve": "stepped"
						},
						{
							"time": 2.8333
						}
					],
					"shear": [
						{
							"curve": "stepped"
						},
						{
							"time": 1.3333,
							"curve": "stepped"
						},
						{
							"time": 2.8333
						}
					]
				},
				"toufa5": {
					"rotate": [
						{},
						{
							"time": 1.3333,
							"angle": -2.13
						},
						{
							"time": 2.8333
						}
					]
				},
				"toufa6": {
					"rotate": [
						{
							"angle": -0.17
						},
						{
							"time": 0.0667
						},
						{
							"time": 1.4,
							"angle": -3.81
						},
						{
							"time": 2.8333,
							"angle": -0.17
						}
					]
				},
				"toufa7": {
					"rotate": [
						{
							"angle": -0.57
						},
						{
							"time": 0.1333
						},
						{
							"time": 1.4667,
							"angle": -6.39
						},
						{
							"time": 2.8333,
							"angle": -0.57
						}
					]
				},
				"toufa8": {
					"rotate": [
						{
							"angle": -1.35
						},
						{
							"time": 0.2
						},
						{
							"time": 1.5333,
							"angle": -10.12
						},
						{
							"time": 2.8333,
							"angle": -1.35
						}
					]
				},
				"maozi2": {
					"rotate": [
						{},
						{
							"time": 1.3333,
							"angle": 3.31
						},
						{
							"time": 2.8333
						}
					]
				},
				"maozi3": {
					"rotate": [
						{
							"angle": 0.15
						},
						{
							"time": 0.0667
						},
						{
							"time": 1.4,
							"angle": 3.31
						},
						{
							"time": 2.8333,
							"angle": 0.15
						}
					]
				},
				"maozi4": {
					"rotate": [
						{
							"angle": 0.83
						},
						{
							"time": 0.1333
						},
						{
							"time": 1.4667,
							"angle": 9.31
						},
						{
							"time": 2.8333,
							"angle": 0.83
						}
					]
				},
				"maozi5": {
					"rotate": [
						{
							"angle": 0.88
						},
						{
							"time": 0.2
						},
						{
							"time": 1.5333,
							"angle": 6.61
						},
						{
							"time": 2.8333,
							"angle": 0.88
						}
					]
				},
				"maozi6": {
					"rotate": [
						{
							"angle": 2.29
						},
						{
							"time": 0.2667
						},
						{
							"time": 1.6,
							"angle": 12.9
						},
						{
							"time": 2.8333,
							"angle": 2.29
						}
					]
				},
				"tou8": {
					"rotate": [
						{},
						{
							"time": 1.3333,
							"angle": -7.41
						},
						{
							"time": 2.8333
						}
					],
					"scale": [
						{},
						{
							"time": 1.3333,
							"y": 0.949
						},
						{
							"time": 1.8333,
							"x": 0.92,
							"y": 0.966
						},
						{
							"time": 2.8333
						}
					],
					"shear": [
						{},
						{
							"time": 1.3333,
							"y": -17.82
						},
						{
							"time": 2.8333
						}
					]
				},
				"shangbansheng6": {
					"rotate": [
						{
							"curve": 0.25,
							"c3": 0.75
						},
						{
							"time": 1.3333,
							"angle": 0.54,
							"curve": 0.25,
							"c3": 0.75
						},
						{
							"time": 2.8333
						}
					]
				}
			}
		}
	}
}